{
  "yolov8n": {
    "average": 0.08759934902191162,
    "min": 0.08355093002319336,
    "max": 0.0974128246307373,
    "fps": 11.415609946483341
  },
  "yolov8s": {
    "average": 0.10323412418365478,
    "min": 0.10031819343566895,
    "max": 0.11878013610839844,
    "fps": 9.686719463236669
  }
}